{"epoch": 57, "loss": 1.8978374004364014, "lr": 8.216782349860236e-07, "_timestamp": 1695894154.394046, "_runtime": 1312.7172629833221, "_step": 1259, "_wandb": {"runtime": 1312}}