{"epoch": 54, "lr": 0.0003, "_timestamp": 1695898795.68755, "_runtime": 980.2413589954376, "_step": 271, "loss": 1.4823427200317383, "_wandb": {"runtime": 980}}