{"epoch": 19, "lr": 4.502839058909975e-05, "_timestamp": 1695893398.592373, "_runtime": 246.2036349773407, "_step": 135, "loss": 2.2356576919555664, "_wandb": {"runtime": 246}}