{"epoch": 0, "lr": 0.0003, "_timestamp": 1695932314.900345, "_runtime": 20.182578086853027, "_step": 0, "_wandb": {"runtime": 0}}