{"loss": 2.4783952236175537, "epoch": 0, "lr": 0.0003, "_timestamp": 1695892807.528998, "_runtime": 38.60389995574951, "_step": 0, "_wandb": {"runtime": 47}}