{"epoch": 4, "lr": 0.0003, "_timestamp": 1695897808.4992268, "_runtime": 254.4533977508545, "_step": 14, "loss": 2.469250202178955, "_wandb": {"runtime": 256}}