{"epoch": 57, "lr": 0.0003, "_timestamp": 1695987073.3412852, "_runtime": 1785.5079731941223, "_step": 1664, "train_loss": 0.8894360065460205, "val_loss": 2.221052408218384, "_wandb": {"runtime": 1785}}