{"epoch": 0, "lr": 0.0001, "_timestamp": 1695894196.955704, "_runtime": 278.0903160572052, "_step": 124, "loss": 2.2349586486816406, "_wandb": {"runtime": 277}}