{"epoch": 0, "lr": 0.0001, "_timestamp": 1695897007.644609, "_runtime": 137.62140893936157, "_step": 116, "loss": 2.507746696472168, "_wandb": {"runtime": 137}}