{"epoch": 87, "lr": 0.0003, "_timestamp": 1696028174.652983, "_runtime": 41062.37504506111, "_step": 2547, "train_loss": 1.0234415531158447, "val_loss": 1.8149317502975464}