{"epoch": 5, "lr": 0.00019683, "_timestamp": 1695893399.500942, "_runtime": 280.4299910068512, "_step": 260, "loss": 1.9821531772613525, "_wandb": {"runtime": 279}}