{"epoch": 1, "lr": 9e-05, "_timestamp": 1695893907.414051, "_runtime": 304.4122440814972, "_step": 132, "loss": 2.120866060256958, "_wandb": {"runtime": 304}}