{"epoch": 9, "lr": 0.0001162261467, "_timestamp": 1695896806.885324, "_runtime": 3322.366203069687, "_step": 1048, "loss": 1.5005404949188232, "_wandb": {"runtime": 3321}}