{"epoch": 8, "lr": 0.0001, "_timestamp": 1695897536.1103208, "_runtime": 518.5209758281708, "_step": 462, "loss": 1.8511416912078857, "_wandb": {"runtime": 518}}