{"epoch": 1, "lr": 0.00027, "_timestamp": 1695893400.372289, "_runtime": 141.76325297355652, "_step": 128, "loss": 2.37402081489563, "_wandb": {"runtime": 141}}